-- MySQL dump 10.13  Distrib 8.0.14, for Linux (x86_64)
--
-- Host: localhost    Database: party
-- ------------------------------------------------------
-- Server version	8.0.14

/*!40101 SET @OLD_CHARACTER_SET_CLIENT=@@CHARACTER_SET_CLIENT */;
/*!40101 SET @OLD_CHARACTER_SET_RESULTS=@@CHARACTER_SET_RESULTS */;
/*!40101 SET @OLD_COLLATION_CONNECTION=@@COLLATION_CONNECTION */;
 SET NAMES utf8mb4 ;
/*!40103 SET @OLD_TIME_ZONE=@@TIME_ZONE */;
/*!40103 SET TIME_ZONE='+00:00' */;
/*!40014 SET @OLD_UNIQUE_CHECKS=@@UNIQUE_CHECKS, UNIQUE_CHECKS=0 */;
/*!40014 SET @OLD_FOREIGN_KEY_CHECKS=@@FOREIGN_KEY_CHECKS, FOREIGN_KEY_CHECKS=0 */;
/*!40101 SET @OLD_SQL_MODE=@@SQL_MODE, SQL_MODE='NO_AUTO_VALUE_ON_ZERO' */;
/*!40111 SET @OLD_SQL_NOTES=@@SQL_NOTES, SQL_NOTES=0 */;

--
-- Table structure for table `student_master`
--

DROP TABLE IF EXISTS `student_master`;
/*!40101 SET @saved_cs_client     = @@character_set_client */;
 SET character_set_client = utf8mb4 ;
CREATE TABLE `student_master` (
  `student_number` varchar(50) NOT NULL,
  `name` varchar(50) NOT NULL,
  `create_time` timestamp NULL DEFAULT NULL ON UPDATE CURRENT_TIMESTAMP,
  PRIMARY KEY (`student_number`,`name`)
) ENGINE=InnoDB DEFAULT CHARSET=utf8;
/*!40101 SET character_set_client = @saved_cs_client */;

--
-- Dumping data for table `student_master`
--

LOCK TABLES `student_master` WRITE;
/*!40000 ALTER TABLE `student_master` DISABLE KEYS */;
INSERT INTO `student_master` VALUES ('SA17225294','水源','2019-04-26 11:17:40'),('SA17225296','宋帅飞','2019-04-26 11:17:43'),('SA17225299','苏贵楠','2019-04-26 11:17:46'),('SA17225304','孙成恩','2019-04-26 11:17:49'),('SA17225313','汤传祥','2019-04-26 11:17:51'),('SA17225314','汤峰','2019-04-26 11:17:40'),('SA17225327','汪福翔','2019-04-26 11:17:40'),('SA17225335','王安杰','2019-04-26 11:17:40'),('SA17225343','王浩楠','2019-04-26 11:17:40'),('SA17225344','王红钰','2019-04-26 11:17:40'),('SA17225345','王宏','2019-04-26 11:17:40'),('SA17225348','王健羽','2019-04-26 11:17:40'),('SA17225353','王珺珩','2019-04-26 11:17:40'),('SA17225362','王润','2019-04-26 11:17:40'),('SA17225363','王世卿','2019-04-26 11:17:40'),('SA17225365','王淑静','2019-04-26 11:17:40'),('SA17225374','王先军','2019-04-26 11:17:40'),('SA17225376','王新','2019-04-26 11:17:40'),('SA17225380','王艺璇','2019-04-26 11:17:40'),('SA17225385','王振宇','2019-04-26 11:17:40'),('SA17225386','王子毅','2019-04-26 11:17:40'),('SA17225387','韦嘉峻','2019-04-26 11:17:40'),('SA17225388','魏静','2019-04-26 11:17:40'),('SA17225391','魏兆静','2019-04-26 11:17:40'),('SA17225400','吴磊','2019-04-26 11:17:40'),('SA17225403','吴庆科','2019-04-26 11:17:40'),('SA17225405','吴祥龙','2019-04-26 11:17:40'),('SA17225413','夏玥','2019-04-26 11:17:40'),('SA17225418','谢明辰','2019-04-26 11:17:40');
/*!40000 ALTER TABLE `student_master` ENABLE KEYS */;
UNLOCK TABLES;

--
-- Table structure for table `tb_award`
--

DROP TABLE IF EXISTS `tb_award`;
/*!40101 SET @saved_cs_client     = @@character_set_client */;
 SET character_set_client = utf8mb4 ;
CREATE TABLE `tb_award` (
  `ID` varchar(32) NOT NULL,
  `LECTURE_ID` varchar(32) DEFAULT NULL,
  `STUDENT_ID` varchar(32) DEFAULT NULL,
  PRIMARY KEY (`ID`)
) ENGINE=InnoDB DEFAULT CHARSET=utf8;
/*!40101 SET character_set_client = @saved_cs_client */;

--
-- Dumping data for table `tb_award`
--

LOCK TABLES `tb_award` WRITE;
/*!40000 ALTER TABLE `tb_award` DISABLE KEYS */;
/*!40000 ALTER TABLE `tb_award` ENABLE KEYS */;
UNLOCK TABLES;

--
-- Table structure for table `tb_check`
--

DROP TABLE IF EXISTS `tb_check`;
/*!40101 SET @saved_cs_client     = @@character_set_client */;
 SET character_set_client = utf8mb4 ;
CREATE TABLE `tb_check` (
  `check_id` varchar(32) NOT NULL,
  `ip` varchar(32) DEFAULT NULL,
  `student_number` varchar(50) DEFAULT NULL,
  `name` varchar(30) DEFAULT NULL,
  `lecture_id` varchar(32) DEFAULT NULL,
  `status` varchar(2) DEFAULT '0',
  `create_time` timestamp NULL DEFAULT NULL ON UPDATE CURRENT_TIMESTAMP,
  PRIMARY KEY (`check_id`)
) ENGINE=InnoDB DEFAULT CHARSET=utf8;
/*!40101 SET character_set_client = @saved_cs_client */;

--
-- Dumping data for table `tb_check`
--

LOCK TABLES `tb_check` WRITE;
/*!40000 ALTER TABLE `tb_check` DISABLE KEYS */;
INSERT INTO `tb_check` VALUES ('C75917C8369C451D8EE75B29B936E471','192.168.1.15','SA17225294','水','9F2AB73648E0448D84E8A3E9465081F5','1','2019-05-09 09:58:53'),('C75917C8369C451D8EE75B29B936E472','192.168.1.16','SA17225296','宋帅飞','9F2AB73648E0448D84E8A3E9465081F5','1','2019-05-09 09:58:53'),('C75917C8369C451D8EE75B29B936E473','192.168.1.17','SA17225299','苏贵楠','9F2AB73648E0448D84E8A3E9465081F5','1','2019-05-09 10:08:23'),('C75917C8369C451D8EE75B29B936E474','192.168.1.18','SA17225304','孙成恩','9F2AB73648E0448D84E8A3E9465081F5','1','2019-05-09 10:08:23'),('C75917C8369C451D8EE75B29B936E475','192.168.1.19','SA17225313','汤传祥','9F2AB73648E0448D84E8A3E9465081F5','1','2019-05-09 10:08:23'),('C75917C8369C451D8EE75B29B936E476','192.168.1.20','SA17225314','汤峰','9F2AB73648E0448D84E8A3E9465081F5','1','2019-05-09 10:08:23'),('C75917C8369C451D8EE75B29B936E477','192.168.1.21','SA17225327','汪福翔','9F2AB73648E0448D84E8A3E9465081F5','1','2019-05-09 10:08:23'),('C75917C8369C451D8EE75B29B936E478','192.168.1.22','SA17225335','王安杰','9F2AB73648E0448D84E8A3E9465081F5','1','2019-05-09 10:09:13'),('C75917C8369C451D8EE75B29B936E479','192.168.1.23','SA17225343','王浩楠','9F2AB73648E0448D84E8A3E9465081F5','1','2019-05-09 10:09:13'),('C75917C8369C451D8EE75B29B936E480','192.168.1.24','SA17225344','王红钰','9F2AB73648E0448D84E8A3E9465081F5','1','2019-05-09 10:09:13'),('C75917C8369C451D8EE75B29B936E481','192.168.1.25','SA17225345','王宏','9F2AB73648E0448D84E8A3E9465081F5','1','2019-05-09 10:09:13'),('C75917C8369C451D8EE75B29B936E482','192.168.1.26','SA17225348','王健羽','9F2AB73648E0448D84E8A3E9465081F5','1','2019-05-09 10:09:13'),('C75917C8369C451D8EE75B29B936E483','192.168.1.27','SA17225353','王珺珩','9F2AB73648E0448D84E8A3E9465081F5','1','2019-05-09 10:09:13'),('C75917C8369C451D8EE75B29B936E484','192.168.1.28','SA17225362','王润','9F2AB73648E0448D84E8A3E9465081F5','1','2019-05-09 10:09:13'),('C75917C8369C451D8EE75B29B936E485','192.168.1.29','SA17225363','王世卿','9F2AB73648E0448D84E8A3E9465081F5','1','2019-05-09 10:09:13'),('C75917C8369C451D8EE75B29B936E486','192.168.1.30','SA17225365','王淑静','9F2AB73648E0448D84E8A3E9465081F5','1','2019-05-09 10:09:13'),('C75917C8369C451D8EE75B29B936E487','192.168.1.31','SA17225374','王先军','9F2AB73648E0448D84E8A3E9465081F5','1','2019-05-09 10:09:13'),('C75917C8369C451D8EE75B29B936E488','192.168.1.32','SA17225376','王新','9F2AB73648E0448D84E8A3E9465081F5','1','2019-05-09 10:09:13'),('C75917C8369C451D8EE75B29B936E489','192.168.1.33','SA17225380','王艺璇','9F2AB73648E0448D84E8A3E9465081F5','1','2019-05-09 10:09:13'),('C75917C8369C451D8EE75B29B936E490','192.168.1.34','SA17225385','王振宇','9F2AB73648E0448D84E8A3E9465081F5','1','2019-05-09 10:09:13'),('C75917C8369C451D8EE75B29B936E491','192.168.1.35','SA17225386','王子毅','9F2AB73648E0448D84E8A3E9465081F5','1','2019-05-09 10:09:13'),('C75917C8369C451D8EE75B29B936E492','192.168.1.36','SA17225387','韦嘉峻','9F2AB73648E0448D84E8A3E9465081F5','1','2019-05-09 10:09:13'),('C75917C8369C451D8EE75B29B936E493','192.168.1.37','SA17225388','魏静','9F2AB73648E0448D84E8A3E9465081F5','1','2019-05-09 10:09:13'),('C75917C8369C451D8EE75B29B936E494','192.168.1.38','SA17225391','魏兆静','9F2AB73648E0448D84E8A3E9465081F5','1','2019-05-09 10:09:13'),('C75917C8369C451D8EE75B29B936E495','192.168.1.39','SA17225400','吴磊','9F2AB73648E0448D84E8A3E9465081F5','1','2019-05-09 10:09:13'),('C75917C8369C451D8EE75B29B936E496','192.168.1.40','SA17225403','吴庆科','9F2AB73648E0448D84E8A3E9465081F5','1','2019-05-09 10:09:13'),('C75917C8369C451D8EE75B29B936E497','192.168.1.41','SA17225405','吴祥龙','9F2AB73648E0448D84E8A3E9465081F5','1','2019-05-09 10:09:13'),('C75917C8369C451D8EE75B29B936E498','192.168.1.42','SA17225413','夏玥','9F2AB73648E0448D84E8A3E9465081F5','1','2019-05-09 10:09:13'),('C75917C8369C451D8EE75B29B936E499','192.168.1.43','SA17225418','谢明辰','9F2AB73648E0448D84E8A3E9465081F5','1','2019-05-09 10:09:13');
/*!40000 ALTER TABLE `tb_check` ENABLE KEYS */;
UNLOCK TABLES;

--
-- Table structure for table `tb_lecture`
--

DROP TABLE IF EXISTS `tb_lecture`;
/*!40101 SET @saved_cs_client     = @@character_set_client */;
 SET character_set_client = utf8mb4 ;
CREATE TABLE `tb_lecture` (
  `id` varchar(32) NOT NULL,
  `name` varchar(50) DEFAULT NULL,
  `professor` varchar(30) DEFAULT NULL,
  `time` date DEFAULT NULL,
  `address` varchar(100) DEFAULT NULL,
  `status` varchar(2) DEFAULT '0',
  `activity` varchar(2) DEFAULT '0',
  `create_time` timestamp NULL DEFAULT NULL ON UPDATE CURRENT_TIMESTAMP,
  PRIMARY KEY (`id`)
) ENGINE=InnoDB DEFAULT CHARSET=utf8;
/*!40101 SET character_set_client = @saved_cs_client */;

--
-- Dumping data for table `tb_lecture`
--

LOCK TABLES `tb_lecture` WRITE;
/*!40000 ALTER TABLE `tb_lecture` DISABLE KEYS */;
INSERT INTO `tb_lecture` VALUES ('10','20190509发言','SA17225304','2019-05-09',' 微信','0','1','2019-05-09 11:05:21'),('11','20190507发言','SA17225304','2019-05-07','微信','1','1','2019-05-09 11:06:13'),('2','20190427发言','SA17225294','2019-04-27','微信','1','1','2019-05-09 11:05:00'),('3','2019签到','SA17225294','2019-04-28','微信','1','0','2019-05-09 11:05:02'),('4','20190427签到','SA17225294','2019-04-27','微信','1','0','2019-05-09 11:05:03'),('5','20190507签到','SA17225304','2019-05-07','微信','1','0','2019-05-09 11:05:05'),('6','20190427发言','SA17225294','2019-04-27','微信','-1','1','2019-05-09 11:05:07'),('9','20190509签到','SA17225304','2019-05-09','微信','1','0','2019-05-09 11:05:18');
/*!40000 ALTER TABLE `tb_lecture` ENABLE KEYS */;
UNLOCK TABLES;

--
-- Table structure for table `tb_speak`
--

DROP TABLE IF EXISTS `tb_speak`;
/*!40101 SET @saved_cs_client     = @@character_set_client */;
 SET character_set_client = utf8mb4 ;
CREATE TABLE `tb_speak` (
  `speak_id` varchar(32) NOT NULL,
  `ip` varchar(32) DEFAULT NULL,
  `student_number` varchar(50) DEFAULT NULL,
  `name` varchar(30) DEFAULT NULL,
  `speak` varchar(10000) DEFAULT NULL,
  `lecture_id` varchar(32) DEFAULT NULL,
  `status` varchar(2) DEFAULT '0',
  `create_time` timestamp NULL DEFAULT NULL ON UPDATE CURRENT_TIMESTAMP,
  PRIMARY KEY (`speak_id`)
) ENGINE=InnoDB DEFAULT CHARSET=utf8;
/*!40101 SET character_set_client = @saved_cs_client */;

--
-- Table structure for table `tb_student`
--

DROP TABLE IF EXISTS `tb_student`;
/*!40101 SET @saved_cs_client     = @@character_set_client */;
 SET character_set_client = utf8mb4 ;
CREATE TABLE `tb_student` (
  `id` varchar(32) DEFAULT NULL,
  `name` varchar(50) DEFAULT NULL,
  `academy` varchar(30) DEFAULT NULL,
  `major` varchar(30) DEFAULT NULL,
  `phone` varchar(12) DEFAULT NULL,
  `qq` varchar(13) DEFAULT NULL,
  `lecture_id` varchar(32) DEFAULT NULL,
  `intention` varchar(1) DEFAULT NULL,
  `lession` varchar(150) DEFAULT NULL,
  `create_time` timestamp NULL DEFAULT NULL ON UPDATE CURRENT_TIMESTAMP
) ENGINE=InnoDB DEFAULT CHARSET=utf8;
/*!40101 SET character_set_client = @saved_cs_client */;

--
-- Dumping data for table `tb_student`
--

LOCK TABLES `tb_student` WRITE;
/*!40000 ALTER TABLE `tb_student` DISABLE KEYS */;
/*!40000 ALTER TABLE `tb_student` ENABLE KEYS */;
UNLOCK TABLES;

--
-- Table structure for table `users`
--

DROP TABLE IF EXISTS `users`;
/*!40101 SET @saved_cs_client     = @@character_set_client */;
 SET character_set_client = utf8mb4 ;
CREATE TABLE `users` (
  `id` varchar(32) DEFAULT NULL COMMENT 'id',
  `username` varchar(30) DEFAULT NULL COMMENT '用户名',
  `pwd` varchar(32) DEFAULT NULL,
  `realname` varchar(40) DEFAULT NULL,
  `sex` varchar(3) DEFAULT NULL,
  `tel` varchar(15) DEFAULT NULL,
  `role` varchar(1) DEFAULT NULL COMMENT '权限1，超级，2，低级',
  `isdel` varchar(1) DEFAULT NULL COMMENT '是否删除0删除，1存在'
) ENGINE=InnoDB DEFAULT CHARSET=utf8;
/*!40101 SET character_set_client = @saved_cs_client */;

--
-- Dumping data for table `users`
--

LOCK TABLES `users` WRITE;
/*!40000 ALTER TABLE `users` DISABLE KEYS */;
INSERT INTO `users` VALUES ('1','admin','5ff52e40327717689f7294dc88be4743','超级管理员','男','15856929938','1','0'),(NULL,'SA17225294','775d889ecadc5c30acf076ad0cfe140f','水源','男','','2','0'),(NULL,'SA17225391','775d889ecadc5c30acf076ad0cfe140f','魏兆静','男','','2','0'),(NULL,'SA17225304','775d889ecadc5c30acf076ad0cfe140f','孙成恩','男','','2','0');
/*!40000 ALTER TABLE `users` ENABLE KEYS */;
UNLOCK TABLES;
/*!40103 SET TIME_ZONE=@OLD_TIME_ZONE */;

/*!40101 SET SQL_MODE=@OLD_SQL_MODE */;
/*!40014 SET FOREIGN_KEY_CHECKS=@OLD_FOREIGN_KEY_CHECKS */;
/*!40014 SET UNIQUE_CHECKS=@OLD_UNIQUE_CHECKS */;
/*!40101 SET CHARACTER_SET_CLIENT=@OLD_CHARACTER_SET_CLIENT */;
/*!40101 SET CHARACTER_SET_RESULTS=@OLD_CHARACTER_SET_RESULTS */;
/*!40101 SET COLLATION_CONNECTION=@OLD_COLLATION_CONNECTION */;
/*!40111 SET SQL_NOTES=@OLD_SQL_NOTES */;

-- Dump completed on 2019-05-09 20:08:48
